family,m,r,k,seed,step,edge,old_weight,delta,changed_entries,active_row_descriptors,compression_ratio,max_cyclic_intervals_per_row,interval_violations,support_equivalence,unique_row_interval_shapes,bitonic_rows_tested,bitonic_violations,unimodal_peak_violations,max_slack_sign_turns
grid,6,36,20,0,0,"((0, 4), (1, 4))",0.8377114993067375,0.6000214008717781,98,20,4.9,1,0,True,10,17,0,0,1
grid,6,36,20,0,1,"((4, 3), (5, 3))",1.5376849292622292,1.2167721706032824,48,15,3.2,1,0,True,4,9,0,0,1
grid,6,36,20,0,2,"((4, 0), (4, 1))",1.8841249404939744,1.0413277446595968,26,9,2.888888888888889,1,0,True,4,2,0,0,0
grid,6,36,20,0,3,"((1, 3), (1, 4))",0.8870699267534254,0.3216645290776482,22,11,2.0,1,0,True,6,3,0,0,1
grid,6,36,20,0,4,"((4, 1), (4, 2))",1.1345252395151282,0.9228815158030728,30,15,2.0,1,0,True,6,3,0,0,0
grid,6,36,20,0,5,"((4, 4), (5, 4))",1.1740805551668463,0.6648580646617228,36,14,2.5714285714285716,1,0,True,4,2,0,0,1
grid,6,36,20,1,0,"((2, 4), (3, 4))",1.402189207283428,0.5199833410348051,22,9,2.4444444444444446,1,0,True,6,6,0,0,0
grid,6,36,20,1,1,"((3, 3), (4, 3))",0.9232821128111856,0.24823228902582314,60,16,3.75,1,0,True,10,13,0,0,1
grid,6,36,20,1,2,"((2, 0), (2, 1))",1.0420883386433113,0.7674953159663902,56,15,3.7333333333333334,1,0,True,4,11,0,0,1
grid,6,36,20,1,3,"((4, 1), (5, 1))",1.0199930603885605,0.7204793808143847,30,11,2.727272727272727,1,0,True,4,3,0,0,0
grid,6,36,20,1,4,"((2, 5), (3, 5))",1.3424659615293892,1.0046573557100318,80,18,4.444444444444445,1,0,True,8,14,0,0,0
grid,6,36,20,1,5,"((2, 1), (3, 1))",1.4497149554373698,0.8554137587948707,44,11,4.0,1,0,True,4,10,0,0,0
grid,8,64,28,0,0,"((6, 2), (6, 3))",0.8692202024976312,0.489352867976745,32,14,2.2857142857142856,1,0,True,6,7,0,0,1
grid,8,64,28,0,1,"((6, 5), (7, 5))",1.7204320173854293,1.1720799440403014,36,13,2.769230769230769,1,0,True,4,7,0,0,1
grid,8,64,28,0,2,"((3, 1), (4, 1))",1.1345252395151282,0.683760649095828,54,18,3.0,1,0,True,8,9,0,0,1
grid,8,64,28,0,3,"((4, 0), (4, 1))",1.2464306545296109,0.20304354866941624,64,23,2.782608695652174,1,0,True,6,8,0,0,1
grid,8,64,28,0,4,"((1, 2), (2, 2))",1.9376526206182618,1.372729745159375,36,17,2.1176470588235294,1,0,True,8,4,0,0,1
grid,8,64,28,0,5,"((5, 1), (6, 1))",0.828926021892302,0.31865594314587176,112,28,4.0,1,0,True,13,20,0,0,1
grid,8,64,28,1,0,"((0, 5), (1, 5))",0.9400496267342667,0.3784876208143501,62,24,2.5833333333333335,1,0,True,6,7,0,0,1
grid,8,64,28,1,1,"((1, 1), (2, 1))",0.8014502756484755,0.48893463928571573,116,27,4.296296296296297,1,0,True,10,22,0,0,1
grid,8,64,28,1,2,"((4, 3), (5, 3))",1.0666300873634638,0.8129619342416856,90,20,4.5,1,0,True,8,13,0,0,1
grid,8,64,28,1,3,"((5, 6), (5, 7))",1.3016564530846881,0.7206782516566914,58,21,2.761904761904762,1,0,True,6,3,0,0,1
grid,8,64,28,1,4,"((1, 5), (2, 5))",1.027648398235027,0.538429873968119,70,19,3.6842105263157894,1,0,True,5,12,0,0,1
grid,8,64,28,1,5,"((4, 1), (5, 1))",1.598684634956557,0.6369484268995937,38,11,3.4545454545454546,1,0,True,7,9,0,0,1
grid,10,100,36,0,0,"((4, 5), (4, 6))",1.0111221667974737,0.7324328296607714,122,24,5.083333333333333,1,0,True,7,23,0,0,1
grid,10,100,36,0,1,"((3, 3), (3, 4))",1.6096833349728161,0.47958464932137734,86,23,3.739130434782609,1,0,True,12,17,0,0,1
grid,10,100,36,0,2,"((8, 4), (9, 4))",0.8385900077744798,0.20306563528473662,198,30,6.6,1,0,True,12,23,0,0,1
grid,10,100,36,0,3,"((5, 5), (6, 5))",1.1383861284106196,0.6050022838578192,64,12,5.333333333333333,1,0,True,2,12,0,0,0
grid,10,100,36,0,4,"((3, 4), (4, 4))",1.1816088641250602,0.8019947139264878,120,22,5.454545454545454,1,0,True,13,17,0,0,1
grid,10,100,36,0,5,"((1, 8), (2, 8))",1.9370859891472898,1.4043214405707494,90,22,4.090909090909091,1,0,True,10,14,0,0,1
grid,10,100,36,1,0,"((1, 6), (1, 7))",1.3424659615293892,0.3432506296830041,168,29,5.793103448275862,1,0,True,8,28,0,0,1
grid,10,100,36,1,1,"((1, 4), (2, 4))",1.0687457211795481,0.32889364896938345,90,23,3.9130434782608696,1,0,True,8,13,0,0,1
grid,10,100,36,1,2,"((5, 2), (6, 2))",1.0272633878394184,0.7527048388846707,208,33,6.303030303030303,1,0,True,15,31,0,0,1
grid,10,100,36,1,3,"((1, 5), (1, 6))",1.402189207283428,0.4474091015860557,102,25,4.08,1,0,True,12,18,0,0,0
grid,10,100,36,1,4,"((8, 4), (9, 4))",1.279759066156925,0.3317973324451087,104,22,4.7272727272727275,1,0,True,8,13,0,0,1
grid,10,100,36,1,5,"((3, 1), (4, 1))",0.9432852875849561,0.935100953742771,120,29,4.137931034482759,1,0,True,14,21,0,0,1
grid,12,144,44,0,0,"((3, 2), (4, 2))",1.2337033964203203,1.0216996397717537,132,22,6.0,1,0,True,7,16,0,0,1
grid,12,144,44,0,1,"((1, 4), (1, 5))",1.4637378925489677,1.2450974918461426,146,20,7.3,1,0,True,9,20,0,0,1
grid,12,144,44,0,2,"((5, 2), (5, 3))",1.2455427556322063,0.49325423755288267,78,19,4.105263157894737,1,0,True,6,14,0,0,1
grid,12,144,44,0,3,"((7, 7), (8, 7))",1.399351958638246,0.3322955963962451,116,24,4.833333333333333,1,0,True,8,16,0,0,1
grid,12,144,44,0,4,"((4, 5), (5, 5))",0.9050239993886843,0.6878525354610792,234,32,7.3125,1,0,True,15,31,0,0,1
grid,12,144,44,0,5,"((10, 4), (10, 5))",0.9713952398393684,0.5983127450953832,154,31,4.967741935483871,1,0,True,14,28,0,0,1
grid,12,144,44,1,0,"((10, 5), (10, 6))",0.9666966623900964,0.4998742593242215,104,27,3.8518518518518516,1,0,True,13,12,0,0,1
grid,12,144,44,1,1,"((10, 7), (10, 8))",1.6483720776349344,0.8016983167416011,90,30,3.0,1,0,True,10,12,0,0,1
grid,12,144,44,1,2,"((8, 0), (8, 1))",1.2914773713788135,0.2767713689786058,86,33,2.606060606060606,1,0,True,4,2,0,0,1
grid,12,144,44,1,3,"((4, 7), (5, 7))",1.3818325582383677,1.19978009566393,78,20,3.9,1,0,True,9,18,0,0,1
grid,12,144,44,1,4,"((7, 1), (8, 1))",1.026017664516236,0.8856800085077083,268,42,6.380952380952381,1,0,True,10,32,0,0,1
grid,12,144,44,1,5,"((2, 10), (2, 11))",1.266348217556829,1.0889420092633106,98,35,2.8,1,0,True,6,3,0,0,1
triangulated,6,36,20,0,0,"((3, 1), (4, 0))",1.5376849292622292,1.3659221085772757,38,11,3.4545454545454546,1,0,True,6,8,0,0,0
triangulated,6,36,20,0,1,"((2, 4), (3, 5))",2.0149041926553424,1.8838521557495116,22,9,2.4444444444444446,1,0,True,4,3,0,0,0
triangulated,6,36,20,0,2,"((2, 2), (3, 3))",0.8723366317045539,0.5852146138702147,56,12,4.666666666666667,1,0,True,6,12,0,0,1
triangulated,6,36,20,0,3,"((1, 1), (2, 2))",1.0112816943877723,0.6584015391989207,64,15,4.266666666666667,1,0,True,10,14,0,0,1
triangulated,6,36,20,0,4,"((4, 2), (5, 1))",1.4540225359629573,1.0144852239030515,68,15,4.533333333333333,1,0,True,8,13,0,0,1
triangulated,6,36,20,0,5,"((0, 2), (1, 3))",0.8377114993067375,0.6366710979106278,44,16,2.75,1,0,True,6,4,0,0,1
triangulated,6,36,20,1,0,"((3, 1), (4, 0))",0.8592313805604272,0.6653247601426729,38,10,3.8,1,0,True,4,8,0,0,0
triangulated,6,36,20,1,1,"((1, 0), (1, 1))",0.8014502756484755,0.7133581566747697,36,19,1.894736842105263,1,0,True,2,1,0,0,1
triangulated,6,36,20,1,2,"((2, 4), (3, 5))",1.0199930603885605,0.49203038713632063,38,15,2.533333333333333,1,0,True,4,2,0,0,1
triangulated,6,36,20,1,3,"((2, 4), (3, 3))",0.8603128085962453,0.6368213774454075,96,18,5.333333333333333,1,0,True,11,18,0,0,1
triangulated,6,36,20,1,4,"((2, 0), (3, 1))",0.9137052477894483,0.7606949028436573,50,14,3.5714285714285716,1,0,True,4,9,0,0,1
triangulated,6,36,20,1,5,"((1, 1), (2, 0))",0.8153319662060096,0.4324293194462605,54,14,3.857142857142857,1,0,True,10,9,0,0,1
triangulated,8,64,28,0,0,"((0, 4), (1, 3))",1.153337286518511,0.4428363085283711,94,21,4.476190476190476,1,0,True,6,12,0,0,1
triangulated,8,64,28,0,1,"((2, 6), (3, 5))",1.2464306545296109,0.7249729673683358,74,20,3.7,1,0,True,10,10,0,0,1
triangulated,8,64,28,0,2,"((5, 1), (6, 0))",1.3498778292598588,0.63888527557186,34,14,2.4285714285714284,1,0,True,4,2,0,0,1
triangulated,8,64,28,0,3,"((1, 5), (2, 6))",1.3210700181804087,0.8981883357514557,26,10,2.6,1,0,True,8,4,0,0,1
triangulated,8,64,28,0,4,"((4, 0), (5, 1))",1.9788340954214179,0.8103790555696422,32,8,4.0,1,0,True,2,8,0,0,1
triangulated,8,64,28,0,5,"((2, 6), (3, 6))",1.264902529027131,0.850276263144313,56,12,4.666666666666667,1,0,True,4,12,0,0,0
triangulated,8,64,28,1,0,"((2, 2), (3, 3))",1.5396457653718236,1.1261495219182827,40,13,3.076923076923077,1,0,True,5,2,0,0,1
triangulated,8,64,28,1,1,"((2, 2), (3, 1))",1.7756087324211607,0.8206727373546665,36,11,3.272727272727273,1,0,True,6,5,0,0,1
triangulated,8,64,28,1,2,"((4, 6), (5, 5))",1.0799436156441684,0.47422559942805415,34,15,2.2666666666666666,1,0,True,7,4,0,0,1
triangulated,8,64,28,1,3,"((6, 2), (6, 3))",0.9188697261266656,0.3593941775459055,60,11,5.454545454545454,1,0,True,2,11,0,0,0
triangulated,8,64,28,1,4,"((5, 3), (6, 2))",0.9167730933961802,0.3664464499688145,126,25,5.04,1,0,True,10,17,0,0,1
triangulated,8,64,28,1,5,"((2, 4), (2, 5))",1.1189048489853533,0.5659767518251994,40,10,4.0,1,0,True,4,9,0,0,1
triangulated,10,100,36,0,0,"((2, 6), (3, 5))",1.2337033964203203,0.9758636112222262,76,15,5.066666666666666,1,0,True,7,15,0,0,1
triangulated,10,100,36,0,1,"((4, 6), (5, 7))",1.6581657431261019,0.5189940363789545,116,18,6.444444444444445,1,0,True,8,17,0,0,1
triangulated,10,100,36,0,2,"((4, 2), (5, 3))",1.2455427556322063,0.7381304002762239,120,21,5.714285714285714,1,0,True,10,21,0,0,1
triangulated,10,100,36,0,3,"((6, 6), (7, 5))",1.3677417966917613,0.8414888848303375,110,20,5.5,1,0,True,10,20,0,0,1
triangulated,10,100,36,0,4,"((1, 1), (2, 0))",0.9146094267886397,0.9552677328352599,96,27,3.5555555555555554,1,0,True,8,11,0,0,1
triangulated,10,100,36,0,5,"((4, 4), (5, 3))",0.8397293373134728,0.3688771202914102,92,24,3.8333333333333335,1,0,True,13,14,0,0,1
triangulated,10,100,36,1,0,"((7, 3), (7, 4))",1.0172152273107684,0.7135793322025481,102,15,6.8,1,0,True,4,14,0,0,0
triangulated,10,100,36,1,1,"((5, 2), (6, 2))",0.8168941278755385,0.6110599386798407,128,20,6.4,1,0,True,12,17,0,0,1
triangulated,10,100,36,1,2,"((5, 2), (6, 2))",1.4279540665553792,0.4539688667671005,56,11,5.090909090909091,1,0,True,4,11,0,0,1
triangulated,10,100,36,1,3,"((4, 4), (5, 5))",1.4515900468668403,1.1980249712426527,194,24,8.083333333333334,1,0,True,10,24,0,0,1
triangulated,10,100,36,1,4,"((5, 5), (6, 4))",1.5259757047450573,0.41153389613482405,82,18,4.555555555555555,1,0,True,6,13,0,0,0
triangulated,10,100,36,1,5,"((7, 5), (8, 4))",0.9400778759600177,0.4418087730401448,134,27,4.962962962962963,1,0,True,11,15,0,0,1
triangulated,12,144,44,0,0,"((10, 10), (11, 10))",1.1754811675866215,0.8170978635756629,78,40,1.95,1,0,True,2,1,0,0,0
triangulated,12,144,44,0,1,"((6, 8), (7, 9))",1.2503684905247994,0.6842132026225027,202,29,6.9655172413793105,1,0,True,18,23,0,0,1
triangulated,12,144,44,0,2,"((5, 6), (5, 7))",1.8606790658136123,0.8721618358426945,60,16,3.75,1,0,True,8,11,0,0,0
triangulated,12,144,44,0,3,"((10, 8), (10, 9))",1.0010287972743992,0.3501624824591704,96,23,4.173913043478261,1,0,True,6,12,0,0,0
triangulated,12,144,44,0,4,"((1, 4), (1, 5))",1.1345252395151282,0.6416192163694403,148,19,7.7894736842105265,1,0,True,6,19,0,0,1
triangulated,12,144,44,0,5,"((3, 5), (4, 6))",1.1206857232916818,0.3063141527892369,98,21,4.666666666666667,1,0,True,13,18,0,0,1
triangulated,12,144,44,1,0,"((7, 1), (8, 0))",1.0901285706864396,0.6462651597630357,178,30,5.933333333333334,1,0,True,8,18,0,0,1
triangulated,12,144,44,1,1,"((6, 2), (7, 1))",0.955916461104498,0.41704142528262816,144,35,4.114285714285714,1,0,True,9,14,0,0,1
triangulated,12,144,44,1,2,"((8, 4), (8, 5))",1.617428537574137,1.3477325270587106,176,20,8.8,1,0,True,8,20,0,0,1
triangulated,12,144,44,1,3,"((8, 10), (9, 9))",1.48276819199659,0.40597720880072585,82,22,3.727272727272727,1,0,True,4,6,0,0,0
triangulated,12,144,44,1,4,"((2, 3), (2, 4))",1.313195883089075,0.37316471692005687,172,23,7.478260869565218,1,0,True,12,22,0,0,1
triangulated,12,144,44,1,5,"((4, 6), (5, 5))",0.8260671001711914,0.7474924213591797,90,15,6.0,1,0,True,6,14,0,0,0
road,6,36,20,0,0,"((3, 0), (3, 1))",0.9982500318681895,0.7023950903223057,102,20,5.1,1,0,True,14,18,0,0,1
road,6,36,20,0,1,"((3, 3), (4, 3))",1.3210700181804087,1.070905645935135,68,17,4.0,1,0,True,9,11,0,0,1
road,6,36,20,0,2,"((4, 2), (5, 2))",1.5795433228913636,0.8795924412844597,36,11,3.272727272727273,1,0,True,6,7,0,0,1
road,6,36,20,0,3,"((2, 0), (3, 0))",1.7877960848287309,0.512605447507653,96,19,5.052631578947368,1,0,True,12,17,0,0,0
road,6,36,20,0,4,"((3, 0), (3, 1))",1.7006451221904952,1.342613746638997,38,11,3.4545454545454546,1,0,True,8,8,0,0,1
road,6,36,20,0,5,"((3, 3), (3, 4))",0.8723366317045539,0.5369534055768179,34,10,3.4,1,0,True,9,8,0,0,1
road,6,36,20,1,0,"((2, 4), (2, 5))",1.1884048995638041,0.4668293729755275,46,14,3.2857142857142856,1,0,True,8,11,0,0,1
road,6,36,20,1,1,"((2, 1), (2, 2))",1.027648398235027,0.27000195743528643,84,18,4.666666666666667,1,0,True,15,16,0,0,1
road,6,36,20,1,2,"((2, 1), (3, 1))",1.4497149554373698,1.021456862381309,66,16,4.125,1,0,True,11,11,0,0,1
road,6,36,20,1,3,"((1, 3), (2, 3))",0.8014502756484755,0.6033014321934459,36,12,3.0,1,0,True,8,7,0,0,0
road,6,36,20,1,4,"((3, 2), (3, 3))",1.1854782729330877,0.8911570700078987,32,11,2.909090909090909,1,0,True,10,6,0,0,1
road,6,36,20,1,5,"((2, 2), (2, 3))",1.0687457211795481,0.6726562365322255,36,12,3.0,1,0,True,8,8,0,0,1
road,8,64,28,0,0,"((5, 4), (5, 5))",1.3482034509264524,0.7306102526502676,36,12,3.0,1,0,True,5,4,0,0,0
road,8,64,28,0,1,"((2, 2), (2, 3))",1.9370859891472898,1.3035193895465342,36,14,2.5714285714285716,1,0,True,6,2,0,0,0
road,8,64,28,0,2,"((0, 4), (1, 4))",0.8377114993067375,0.5525340979748251,60,13,4.615384615384615,1,0,True,8,11,0,0,1
road,8,64,28,0,3,"((3, 7), (4, 7))",1.7219912505426658,1.0127722819548146,164,22,7.454545454545454,1,0,True,14,22,0,0,0
road,8,64,28,0,4,"((4, 1), (5, 1))",1.264902529027131,1.0244159537994966,122,22,5.545454545454546,1,0,True,8,21,0,0,0
road,8,64,28,0,5,"((6, 6), (6, 7))",0.9192149543679574,0.5096009557735028,36,15,2.4,1,0,True,4,2,0,0,0
road,8,64,28,1,0,"((5, 6), (5, 7))",1.3016564530846881,0.48798588985679064,84,21,4.0,1,0,True,8,14,0,0,1
road,8,64,28,1,1,"((4, 6), (4, 7))",1.140821656070952,0.640096231635138,134,26,5.153846153846154,1,0,True,12,19,0,0,1
road,8,64,28,1,2,"((4, 0), (4, 1))",1.6051547565523474,1.1822685814779006,120,23,5.217391304347826,1,0,True,12,21,0,0,1
road,8,64,28,1,3,"((5, 6), (5, 7))",1.7896423429414787,0.9492479104867414,66,19,3.473684210526316,1,0,True,8,9,0,0,1
road,8,64,28,1,4,"((2, 5), (2, 6))",1.3963799373850656,0.6922729460847594,76,24,3.1666666666666665,1,0,True,8,9,0,0,0
road,8,64,28,1,5,"((6, 2), (6, 3))",1.3457609830472994,0.7097532212647324,56,14,4.0,1,0,True,6,11,0,0,0
road,10,100,36,0,0,"((4, 6), (5, 6))",0.9545709864475261,0.7006567228547469,120,22,5.454545454545454,1,0,True,7,22,0,0,1
road,10,100,36,0,1,"((3, 1), (3, 2))",2.083140977280077,0.6043089971734588,76,15,5.066666666666666,1,0,True,8,15,0,0,1
road,10,100,36,0,2,"((8, 2), (8, 3))",1.1740401055243601,0.2597889756684759,212,32,6.625,1,0,True,15,29,0,0,0
road,10,100,36,0,3,"((1, 6), (1, 7))",1.4637378925489677,0.7918875753222044,116,17,6.823529411764706,1,0,True,6,16,0,0,0
road,10,100,36,0,4,"((1, 6), (2, 6))",2.1156864978164007,1.9216459725397284,56,13,4.3076923076923075,1,0,True,10,11,0,0,1
road,10,100,36,0,5,"((3, 4), (4, 4))",1.1816088641250602,0.6393418118595823,44,17,2.588235294117647,1,0,True,12,8,0,0,1
road,10,100,36,1,0,"((3, 1), (3, 2))",0.877644260187237,0.27637803624223634,148,22,6.7272727272727275,1,0,True,14,21,0,0,1
road,10,100,36,1,1,"((8, 7), (8, 8))",1.063954370518158,0.32759550034930257,92,20,4.6,1,0,True,4,14,0,0,0
road,10,100,36,1,2,"((8, 6), (9, 6))",0.9469167661995453,0.7004566822937693,210,32,6.5625,1,0,True,14,30,0,0,1
road,10,100,36,1,3,"((1, 4), (2, 4))",1.0687457211795481,0.38082218987269734,94,24,3.9166666666666665,1,0,True,6,12,0,0,1
road,10,100,36,1,4,"((3, 1), (3, 2))",1.1540222964294733,0.3078464919622509,96,21,4.571428571428571,1,0,True,11,19,0,0,1
road,10,100,36,1,5,"((6, 2), (7, 2))",0.9167730933961802,0.9139425006988071,110,25,4.4,1,0,True,16,20,0,0,1
road,12,144,44,0,0,"((1, 8), (1, 9))",0.8723366317045539,0.7352344805992739,164,22,7.454545454545454,1,0,True,10,21,0,0,0
road,12,144,44,0,1,"((10, 8), (10, 9))",1.275678743092102,0.4571138303636737,100,21,4.761904761904762,1,0,True,4,15,0,0,0
road,12,144,44,0,2,"((4, 2), (4, 3))",0.9299092033594866,0.38893441398031625,128,22,5.818181818181818,1,0,True,8,20,0,0,0
road,12,144,44,0,3,"((10, 8), (11, 8))",0.9019430142317586,0.24760084912126473,148,43,3.441860465116279,1,0,True,10,18,0,0,1
road,12,144,44,0,4,"((8, 6), (8, 7))",1.1405604889115728,0.8402125150149589,276,34,8.117647058823529,1,0,True,12,34,0,0,1
road,12,144,44,0,5,"((6, 4), (7, 4))",1.4237810069913335,0.40718828353682773,110,17,6.470588235294118,1,0,True,8,17,0,0,1
road,12,144,44,1,0,"((2, 8), (2, 9))",0.8816241344790066,0.4633411999089586,148,26,5.6923076923076925,1,0,True,14,18,0,0,0
road,12,144,44,1,1,"((7, 7), (8, 7))",1.0195430290313834,0.5579301022857587,152,26,5.846153846153846,1,0,True,16,21,0,0,1
road,12,144,44,1,2,"((10, 9), (9, 9))",1.0123922585129093,0.6139922288286351,90,20,4.5,1,0,True,5,16,0,0,0
road,12,144,44,1,3,"((8, 1), (9, 1))",1.049956182588936,0.6133618453814065,272,28,9.714285714285714,1,0,True,10,24,0,0,0
road,12,144,44,1,4,"((1, 5), (2, 5))",1.4783129678977402,0.24764396398819316,166,24,6.916666666666667,1,0,True,8,21,0,0,0
road,12,144,44,1,5,"((4, 3), (5, 3))",1.3630089022020042,0.8402218796208898,172,20,8.6,1,0,True,6,20,0,0,1
random_planar,6,36,20,0,0,"(15, 32)",0.9110537647702265,0.7741487933901106,50,16,3.125,1,0,True,8,9,0,0,1
random_planar,6,36,20,0,1,"(28, 30)",0.7720085335168266,0.670135007348575,70,16,4.375,1,0,True,8,13,0,0,1
random_planar,6,36,20,0,2,"(16, 23)",0.9280951018616009,0.4492467307162223,26,14,1.8571428571428572,1,0,True,2,1,0,0,1
random_planar,6,36,20,0,3,"(30, 9)",1.442802019669654,1.1188232491211485,24,9,2.6666666666666665,1,0,True,4,6,0,0,1
random_planar,6,36,20,0,4,"(25, 30)",1.352089281290821,1.2585003177405176,82,15,5.466666666666667,1,0,True,7,14,0,0,1
random_planar,6,36,20,0,5,"(21, 31)",0.7943629993032805,0.21696849669025564,52,13,4.0,1,0,True,9,11,0,0,1
random_planar,6,36,20,1,0,"(24, 9)",0.7790783769131512,0.28491760924612697,28,15,1.8666666666666667,1,0,True,2,1,0,0,1
random_planar,6,36,20,1,1,"(20, 32)",1.0732709586123759,0.5262048279476911,56,12,4.666666666666667,1,0,True,6,11,0,0,1
random_planar,6,36,20,1,2,"(21, 3)",1.2441841727424272,0.4844775408737198,28,15,1.8666666666666667,1,0,True,2,1,0,0,1
random_planar,6,36,20,1,3,"(29, 30)",1.628394134894819,0.6258748641384027,44,13,3.3846153846153846,1,0,True,2,2,0,0,1
random_planar,6,36,20,1,4,"(22, 26)",1.4607789857083993,1.3013705863847669,46,13,3.5384615384615383,1,0,True,5,8,0,0,1
random_planar,6,36,20,1,5,"(25, 26)",2.000240388654411,0.6899963296097493,32,11,2.909090909090909,1,0,True,4,7,0,0,1
random_planar,8,64,28,0,0,"(34, 41)",0.9150103717864905,0.47562852370244335,68,17,4.0,1,0,True,8,12,0,0,1
random_planar,8,64,28,0,1,"(41, 56)",1.0212577627118058,0.27167841306810453,80,14,5.714285714285714,1,0,True,4,12,0,0,1
random_planar,8,64,28,0,2,"(47, 56)",1.8608134521845976,0.7369737315227032,62,12,5.166666666666667,1,0,True,6,12,0,0,1
random_planar,8,64,28,0,3,"(37, 61)",0.8114340502350159,0.6296325385935436,88,16,5.5,1,0,True,5,16,0,0,1
random_planar,8,64,28,0,4,"(47, 55)",1.2867567626878567,0.4223738289337588,56,13,4.3076923076923075,1,0,True,5,11,0,0,1
random_planar,8,64,28,0,5,"(57, 60)",1.2952416945528027,1.1987587521428447,72,14,5.142857142857143,1,0,True,7,12,0,0,1
random_planar,8,64,28,1,0,"(39, 63)",1.04181278390388,0.8743138296022002,104,23,4.521739130434782,1,0,True,11,16,0,0,1
random_planar,8,64,28,1,1,"(34, 59)",0.7779714270923266,0.22221889077957785,70,21,3.3333333333333335,1,0,True,12,13,0,0,1
random_planar,8,64,28,1,2,"(47, 7)",1.1457630852555518,0.783804232187401,40,21,1.9047619047619047,1,0,True,2,1,0,0,1
random_planar,8,64,28,1,3,"(32, 9)",0.7790783769131512,0.5461352220067368,80,19,4.2105263157894735,1,0,True,6,11,0,0,1
random_planar,8,64,28,1,4,"(39, 63)",1.9161266135060802,1.2223458900602615,68,19,3.5789473684210527,1,0,True,8,8,0,0,1
random_planar,8,64,28,1,5,"(12, 32)",1.3219191790196547,0.8642401108576907,40,10,4.0,1,0,True,6,9,0,0,0
random_planar,10,100,36,0,0,"(77, 89)",1.0970736904843816,0.43487205125301753,56,11,5.090909090909091,1,0,True,4,11,0,0,0
random_planar,10,100,36,0,1,"(39, 47)",1.4856026085459537,1.2577696916211705,60,19,3.1578947368421053,1,0,True,4,2,0,0,1
random_planar,10,100,36,0,2,"(31, 61)",0.9486237811960735,0.9461153101020027,66,34,1.9411764705882353,1,0,True,2,1,0,0,1
random_planar,10,100,36,0,3,"(62, 83)",0.7509626456153142,0.2693591784077755,200,31,6.451612903225806,1,0,True,15,23,0,0,1
random_planar,10,100,36,0,4,"(45, 87)",1.7939199924098792,1.1997016037840695,70,20,3.5,1,0,True,8,10,0,0,1
random_planar,10,100,36,0,5,"(39, 59)",0.8114340502350159,0.7597742737431217,204,32,6.375,1,0,True,16,29,0,0,1
random_planar,10,100,36,1,0,"(64, 9)",0.8698082780320028,0.48421150634554255,94,32,2.9375,1,0,True,4,2,0,0,1
random_planar,10,100,36,1,1,"(53, 92)",0.9285490843131141,0.6576864087721336,128,21,6.095238095238095,1,0,True,10,21,0,0,1
random_planar,10,100,36,1,2,"(76, 93)",1.115505408270103,0.6022326145755847,86,15,5.733333333333333,1,0,True,6,15,0,0,1
random_planar,10,100,36,1,3,"(77, 87)",1.8160797159694184,1.2946309437017334,132,22,6.0,1,0,True,12,16,0,0,1
random_planar,10,100,36,1,4,"(78, 85)",0.8519537224823662,0.6066097057772873,60,14,4.285714285714286,1,0,True,7,13,0,0,1
random_planar,10,100,36,1,5,"(28, 99)",0.7629333446010527,0.4936678871732394,84,23,3.652173913043478,1,0,True,6,6,0,0,1
random_planar,12,144,44,0,0,"(137, 85)",1.0316528017551447,0.7941475418003435,216,35,6.171428571428572,1,0,True,16,30,0,0,1
random_planar,12,144,44,0,1,"(101, 119)",1.0038355456703971,0.8211297195648353,96,18,5.333333333333333,1,0,True,10,16,0,0,1
random_planar,12,144,44,0,2,"(11, 143)",1.1334539585847525,0.41279828589700296,138,28,4.928571428571429,1,0,True,10,16,0,0,0
random_planar,12,144,44,0,3,"(116, 95)",0.864151306447607,0.34638808620649536,162,33,4.909090909090909,1,0,True,12,26,0,0,1
random_planar,12,144,44,0,4,"(127, 52)",1.4921344516178405,0.8086782539038929,98,17,5.764705882352941,1,0,True,8,16,0,0,1
random_planar,12,144,44,0,5,"(126, 143)",1.1385477471854957,0.5167292246482861,148,23,6.434782608695652,1,0,True,6,21,0,0,0
random_planar,12,144,44,1,0,"(113, 21)",1.7307054121087089,1.0544121738608843,72,20,3.6,1,0,True,2,2,0,0,0
random_planar,12,144,44,1,1,"(70, 93)",2.0500503119012286,0.7427631944229833,104,17,6.117647058823529,1,0,True,4,15,0,0,0
random_planar,12,144,44,1,2,"(141, 63)",0.9332298808771486,0.4023954595875676,268,39,6.871794871794871,1,0,True,17,25,0,0,0
random_planar,12,144,44,1,3,"(103, 48)",0.7875700560272814,0.6248537718572853,242,36,6.722222222222222,1,0,True,13,34,0,0,1
random_planar,12,144,44,1,4,"(105, 47)",1.449899732649583,0.8055297150718945,156,24,6.5,1,0,True,10,20,0,0,0
random_planar,12,144,44,1,5,"(2, 77)",1.5016943472579232,0.6272288262308192,82,42,1.9523809523809523,1,0,True,2,1,0,0,1
adversarial,6,36,20,0,0,"((1, 1), (2, 2))",1.0112816943877723,0.7084372560518337,70,14,5.0,1,0,True,8,14,0,0,1
adversarial,6,36,20,0,1,"((4, 2), (5, 1))",1.4540225359629573,0.9307203076384651,60,14,4.285714285714286,1,0,True,8,11,0,0,1
adversarial,6,36,20,0,2,"((1, 1), (2, 2))",1.719718950439606,0.4538070576048199,54,13,4.153846153846154,1,0,True,8,10,0,0,1
adversarial,6,36,20,0,3,"((0, 2), (1, 3))",0.8377114993067375,0.3509259782196388,50,16,3.125,1,0,True,8,8,0,0,1
adversarial,6,36,20,0,4,"((0, 2), (1, 3))",1.1886374775263762,1.1177282011198493,46,16,2.875,1,0,True,8,6,0,0,1
adversarial,6,36,20,0,5,"((2, 2), (3, 2))",0.8249680820136239,0.5699038139974925,28,12,2.3333333333333335,1,0,True,7,5,0,0,1
adversarial,6,36,20,1,0,"((2, 4), (3, 3))",0.8603128085962453,0.7745038983127802,92,18,5.111111111111111,1,0,True,11,18,0,0,1
adversarial,6,36,20,1,1,"((3, 3), (4, 2))",0.8489254232064676,0.8963554769065042,68,14,4.857142857142857,1,0,True,8,12,0,0,1
adversarial,6,36,20,1,2,"((4, 4), (5, 3))",0.8814998686514562,0.7648862216483467,58,15,3.8666666666666667,1,0,True,10,10,0,0,1
adversarial,6,36,20,1,3,"((1, 3), (2, 2))",1.4497149554373698,0.4493830770177007,40,14,2.857142857142857,1,0,True,10,5,0,0,1
adversarial,6,36,20,1,4,"((1, 1), (2, 0))",0.8153319662060096,0.7131350282016111,104,18,5.777777777777778,1,0,True,8,15,0,0,1
adversarial,6,36,20,1,5,"((2, 0), (3, 1))",0.9137052477894483,0.28118253479191424,66,17,3.8823529411764706,1,0,True,10,10,0,0,1
adversarial,8,64,28,0,0,"((3, 3), (4, 4))",0.828926021892302,0.26725371938149095,164,24,6.833333333333333,1,0,True,17,23,0,0,1
adversarial,8,64,28,0,1,"((3, 3), (4, 4))",1.096179741273793,0.4553393982111079,138,22,6.2727272727272725,1,0,True,12,22,0,0,1
adversarial,8,64,28,0,2,"((2, 4), (3, 5))",0.9812803705713677,0.41088162341180723,60,18,3.3333333333333335,1,0,True,13,9,0,0,1
adversarial,8,64,28,0,3,"((3, 3), (4, 4))",1.5515191394849008,0.351701296406004,108,20,5.4,1,0,True,13,17,0,0,1
adversarial,8,64,28,0,4,"((2, 4), (3, 5))",1.392161993983175,0.4401531714208927,38,16,2.375,1,0,True,12,6,0,0,1
adversarial,8,64,28,0,5,"((0, 4), (1, 3))",1.153337286518511,0.647111609868766,118,24,4.916666666666667,1,0,True,12,14,0,0,1
adversarial,8,64,28,1,0,"((4, 4), (5, 3))",1.0272633878394184,0.4105605072522374,82,16,5.125,1,0,True,12,15,0,0,1
adversarial,8,64,28,1,1,"((6, 4), (7, 5))",0.8168941278755385,0.3988566895432866,146,26,5.615384615384615,1,0,True,10,19,0,0,1
adversarial,8,64,28,1,2,"((1, 1), (2, 2))",1.0687457211795481,0.2140277899003203,86,22,3.909090909090909,1,0,True,10,13,0,0,1
adversarial,8,64,28,1,3,"((3, 1), (4, 2))",0.9208841227133555,0.5540776207941805,92,19,4.842105263157895,1,0,True,11,18,0,0,1
adversarial,8,64,28,1,4,"((1, 3), (2, 2))",1.402189207283428,1.1677922725679608,62,16,3.875,1,0,True,10,12,0,0,1
adversarial,8,64,28,1,5,"((4, 2), (5, 1))",1.3113783658734517,1.2120537263973934,58,17,3.411764705882353,1,0,True,9,7,0,0,1
adversarial,10,100,36,0,0,"((4, 4), (5, 3))",0.8397293373134728,0.760095536154734,166,32,5.1875,1,0,True,19,32,0,0,1
adversarial,10,100,36,0,1,"((5, 7), (6, 6))",0.8385900077744798,0.8934467211991225,248,31,8.0,1,0,True,11,31,0,0,1
adversarial,10,100,36,0,2,"((3, 3), (4, 4))",0.8692202024976312,0.340088066368811,78,25,3.12,1,0,True,16,13,0,0,1
adversarial,10,100,36,0,3,"((5, 5), (6, 6))",1.1740401055243601,0.7969223048703051,118,24,4.916666666666667,1,0,True,13,18,0,0,1
adversarial,10,100,36,0,4,"((6, 8), (7, 7))",0.846936154714334,0.5398415115825801,210,33,6.363636363636363,1,0,True,14,32,0,0,1
adversarial,10,100,36,0,5,"((3, 1), (4, 2))",1.0973456915461606,0.778928640608884,144,21,6.857142857142857,1,0,True,12,18,0,0,1
adversarial,10,100,36,1,0,"((5, 5), (6, 6))",0.800900765052314,0.6610978845635465,222,32,6.9375,1,0,True,14,31,0,0,1
adversarial,10,100,36,1,1,"((6, 6), (7, 7))",0.9372646138942786,0.3528942030659345,138,25,5.52,1,0,True,15,23,0,0,1
adversarial,10,100,36,1,2,"((4, 4), (5, 5))",1.4515900468668403,0.6154722424032146,122,23,5.304347826086956,1,0,True,15,23,0,0,1
adversarial,10,100,36,1,3,"((6, 2), (7, 3))",1.021063837206669,0.29173732516525647,192,28,6.857142857142857,1,0,True,14,25,0,0,1
adversarial,10,100,36,1,4,"((5, 5), (6, 6))",1.4619986496158606,1.018062058032163,90,20,4.5,1,0,True,14,19,0,0,1
adversarial,10,100,36,1,5,"((6, 2), (7, 3))",1.3128011623719253,1.1295275644999283,194,26,7.461538461538462,1,0,True,13,23,0,0,1
adversarial,12,144,44,0,0,"((6, 8), (7, 9))",1.2503684905247994,0.742929241666725,202,29,6.9655172413793105,1,0,True,18,23,0,0,1
adversarial,12,144,44,0,1,"((8, 10), (9, 9))",0.9838105027653231,0.8106870442670948,200,36,5.555555555555555,1,0,True,16,30,0,0,1
adversarial,12,144,44,0,2,"((8, 4), (9, 5))",1.091273150711608,0.20921284667524612,162,34,4.764705882352941,1,0,True,16,25,0,0,1
adversarial,12,144,44,0,3,"((5, 3), (6, 2))",1.0633120297575396,0.420750571506532,170,24,7.083333333333333,1,0,True,15,23,0,0,1
adversarial,12,144,44,0,4,"((5, 7), (6, 8))",1.1987608365250324,1.159857242941693,130,28,4.642857142857143,1,0,True,17,24,0,0,1
adversarial,12,144,44,0,5,"((2, 6), (3, 7))",0.9545709864475261,0.9135830216532098,254,37,6.864864864864865,1,0,True,17,37,0,0,1
adversarial,12,144,44,1,0,"((8, 8), (9, 9))",0.8773308669509066,0.4374488748029567,322,40,8.05,1,0,True,17,40,0,0,1
adversarial,12,144,44,1,1,"((8, 8), (9, 7))",0.8327216795123222,0.6636632457042506,236,36,6.555555555555555,1,0,True,16,29,0,0,1
adversarial,12,144,44,1,2,"((3, 5), (4, 6))",1.0100941821361389,0.47422717596241726,152,28,5.428571428571429,1,0,True,16,25,0,0,1
adversarial,12,144,44,1,3,"((5, 3), (6, 4))",1.0502165928784877,0.7068989284963073,162,27,6.0,1,0,True,16,27,0,0,1
adversarial,12,144,44,1,4,"((8, 8), (9, 9))",1.3147797417538634,0.7459261787356379,150,35,4.285714285714286,1,0,True,15,21,0,0,1
adversarial,12,144,44,1,5,"((3, 5), (4, 6))",1.4843213580985561,0.7815126606460336,86,24,3.5833333333333335,1,0,True,16,16,0,0,1
